customer_id,name,location,email
1,Nicholas Adams,Bengaluru,nicholas.adams88@demo.net
2,Paul Adams,Doha,paul.adams24@test.com
3,Ronald Scott,Noida,ronald.scott14@demo.net
4,Edward Wilson,Bengaluru,edward.wilson33@demo.net
5,Anthony Perez,Vadodara,anthony.perez74@example.com
6,Brian Clark,Tirpur,brian.clark85@mail.com
7,Frank Robinson,Hyderabad,frank.robinson32@sample.org
8,Gary Rodriguez,Tucson,gary.rodriguez80@mail.com
9,Daniel Carter,Mumbai,daniel.carter30@mail.com
10,Andrew Nelson,Palo Alto,andrew.nelson10@sample.org
11,Paul Allen,Las Vegas,paul.allen85@sample.org
12,Kevin Evans,Mumbai,kevin.evans94@demo.net
13,Jonathan Garcia,Noida,jonathan.garcia51@mail.com
14,Scott King,Bhubaneswar,scott.king59@demo.net
15,Christopher Hill,Vizcaya,christopher.hill62@demo.net
16,Nicholas Johnson,Gurugram,nicholas.johnson50@test.com
17,Robert Hall,Kolkata,robert.hall41@demo.net
18,Stephen Perez,Chennai,stephen.perez76@demo.net
19,Gary Turner,Mumbai,gary.turner16@test.com
20,Eric Wright,New Delhi,eric.wright16@demo.net
21,William Jackson,Chennai,william.jackson35@mail.com
22,Zachary Williams,Hyderabad,zachary.williams43@test.com
23,Noah Hill,Barnala,noah.hill72@sample.org
24,Gary Taylor,New Delhi,gary.taylor47@sample.org
25,Thomas Garcia,Mumbai,thomas.garcia51@demo.net
26,Edward Gonzalez,Mumbai,edward.gonzalez32@demo.net
27,William Lee,Mumbai,william.lee98@example.com
28,Dennis Perez,Bellevue,dennis.perez96@demo.net
29,Kyle Turner,Pune,kyle.turner77@mail.com
30,Raymond Wright,Mumbai,raymond.wright15@mail.com
31,Kyle Ramirez,Bengaluru,kyle.ramirez23@example.com
32,Patrick Gonzalez,New Delhi,patrick.gonzalez27@sample.org
33,Nicholas Lopez,Madrid,nicholas.lopez25@example.com
34,Michael Johnson,Bangalore,michael.johnson95@test.com
35,Paul Adams,Delhi NCR,paul.adams52@demo.net
36,Raymond Scott,Bangalore,raymond.scott18@mail.com
37,David Lee,Hyderabad,david.lee11@sample.org
38,Thomas Garcia,Gurugram,thomas.garcia54@example.com
39,Dennis Walker,Greater Noida,dennis.walker23@sample.org
40,Jonathan Campbell,Mumbai,jonathan.campbell61@example.com
41,Joseph Young,Hyderabad,joseph.young89@mail.com
42,Nicholas Johnson,Lucknow,nicholas.johnson43@mail.com
43,Jeffrey Robinson,Kolkata,jeffrey.robinson31@mail.com
44,James Thomas,Gurugram,james.thomas40@demo.net
45,Kevin Carter,Bangalore,kevin.carter84@demo.net
46,Brandon King,Naperville,brandon.king34@example.com
47,Kenneth Nelson,Pune,kenneth.nelson88@example.com
48,Kenneth Garcia,Chennai,kenneth.garcia40@example.com
49,Alexander Turner,New Delhi,alexander.turner89@example.com
50,Gary Green,Lucknow,gary.green92@sample.org
51,Kenneth Jackson,Mumbai,kenneth.jackson63@test.com
52,Ronald Perez,Kolkata,ronald.perez87@example.com
53,Ronald Wright,Gurgaon,ronald.wright27@test.com
54,Samuel Jackson,Gurgaon,samuel.jackson96@mail.com
55,Dennis Scott,London,dennis.scott37@sample.org
56,Ryan Brown,Mumbai,ryan.brown43@example.com
57,Jacob Turner,Mountain View,jacob.turner32@sample.org
58,Charles Lopez,Chennai,charles.lopez69@sample.org
59,Ronald Smith,Racine,ronald.smith94@test.com
60,Brian Johnson,Gurgaon,brian.johnson66@demo.net
61,Richard Miller,Kolkata,richard.miller72@test.com
62,Jason Williams,Chennai,jason.williams21@sample.org
63,Kevin Brown,Avenel,kevin.brown60@sample.org
64,Benjamin Roberts,Pune,benjamin.roberts39@sample.org
65,Dylan Davis,Mumbai,dylan.davis71@test.com
66,John Taylor,"Westwood,MA",john.taylor33@test.com
67,Brian Smith,New Delhi,brian.smith88@example.com
68,Noah Hernandez,Alpharetta,noah.hernandez60@sample.org
69,Nathan Allen,Kanpur,nathan.allen53@example.com
70,Thomas Allen,Thane,thomas.allen26@test.com
71,Andrew Lopez,Hyderabad,andrew.lopez43@example.com
72,Jerry Harris,Dubai,jerry.harris99@test.com
73,Adam Thomas,Bangalore,adam.thomas63@example.com
74,Mark King,Jaipur,mark.king69@sample.org
75,Ronald Wilson,Vadodara,ronald.wilson26@mail.com
76,Kyle Young,Gurgaon,kyle.young26@example.com
77,Mark Thomas,Hyderabad,mark.thomas81@sample.org
78,David Garcia,Mumbai,david.garcia32@example.com
79,Samuel Smith,Jamshedpur,samuel.smith95@demo.net
80,Daniel Ramirez,Ahmedabad,daniel.ramirez88@test.com
81,James Lopez,Amravati,james.lopez77@test.com
82,Zachary Carter,Kolkata,zachary.carter82@example.com
83,Dennis Davis,Bangalore,dennis.davis82@test.com
84,Timothy Thompson,New Delhi,timothy.thompson91@mail.com
85,Ronald Miller,Tokyo,ronald.miller12@test.com
86,Richard White,Noida,richard.white91@demo.net
87,Ryan Perez,New Delhi,ryan.perez56@test.com
88,Raymond Martinez,Crawley,raymond.martinez98@mail.com
89,Michael Thompson,Gurgaon,michael.thompson38@example.com
90,Daniel Brown,Jaipur,daniel.brown83@test.com
91,Tyler Campbell,New York,tyler.campbell95@test.com
92,Kevin Martin,Delhi,kevin.martin31@test.com
93,Mark King,Jackonville,mark.king39@example.com
94,Kenneth Allen,Panchkula,kenneth.allen77@test.com
95,George Smith,Troy,george.smith66@test.com
96,Thomas Mitchell,Kochi,thomas.mitchell31@mail.com
97,Mark Moore,Noida,mark.moore40@mail.com
98,Joshua Campbell,Bangalore,joshua.campbell99@sample.org
99,Larry Moore,Hyderabad,larry.moore27@sample.org
100,Mark Lee,Mumbai,mark.lee66@test.com
